,Comm_A1,Comm_A2,Comm_A3,Comm_B1,Comm_B2,Comm_B3,Comm_C1,Comm_C2,Comm_C3,Comm_D1,Comm_D2,Comm_D3,Grouping
18S_537,0,0,0,0,0,0,0,0,0,0,0,0,Other metazoan
18S_542,0,0,0,0,0,0,0,0,0,0,0,0,Other metazoan
18S_540,0,0,0,0,0,0,0,0,0,0,0,0,Other metazoan
18S_559,0,0,0,0,0,0,0,0,0,0,0,0,Other metazoan
18S_560,0,0,0,0,0,0,0,0,0,0,0,0,Other metazoan
18S_58,0,0,0,0,0.113362525,0,0,0,0,0,0,0.108512536,Other metazoan
18S_514,0,0,0,0,0,0,0,0,0,0,0,0,Other metazoan
18S_6,2.312615882,11.81492317,0.691741669,0,0,0.096161163,6.828927595,5.764609385,5.735502209,0.542120816,0,0,Sensitive
18S_7,1.880334407,1.370711989,4.121184018,3.891402306,4.876908849,9.895606334,0.138116669,0.064754723,0.014097339,2.936323475,4.552514219,6.645525716,Sensitive
18S_8,1.821188221,2.678332142,4.349230722,2.243318855,4.320040307,8.672837584,0.126737739,0.078281266,0.016916806,2.49277008,4.806191804,5.584183926,Sensitive
18S_12,1.308930817,5.438739503,0.383878618,0,0,0.028709988,3.260652052,3.061315528,3.289790179,0.299842095,0,0,Sensitive
18S_14,0.894907513,5.084755226,0.138348334,0,0,0,3.365024308,2.2715957,2.381921573,0.334340692,0,0,Sensitive
18S_18,0.308845955,2.078122208,0.906865726,0.364734223,1.121360881,2.195795197,0.033352037,0,0,0.658627508,0.767689019,1.842731147,Sensitive
18S_19,0.486284514,0.575643202,0.616866334,0.735569948,1.244667487,2.046018997,0,0,0,0.428374012,0.560235484,0.761074225,Sensitive
18S_22,0.820846202,0.712993568,0,0,0,0,1.012332406,0.483501935,0.529178848,0.091864836,0,0,Sensitive
18S_23,0.254071443,0.056950152,0.548452323,0.724270871,0.614875682,0.888626002,0,0,0,0.245432879,0.322458972,0.621345754,Sensitive
18S_24,0.145036735,0.558334822,0.438609827,0.531056645,0.239983824,1.007616794,0,0,0,0.095610398,0.389021603,0.849767119,Sensitive
18S_25,0.45002533,0.50250134,0.069174167,0,0,0,0.466536136,0.341041544,0.380628142,0,0,0,Sensitive
18S_27,0.123949834,0.350634268,0.448491851,0.265528322,0.198218684,0.764446658,0,0,0,0.252924003,0.231859834,0.660489545,Sensitive
18S_28,0.150179882,0.106641951,0,0,0,0,0.477522689,0.522066971,0.132514983,0.028978822,0,0,Sensitive
18S_29,0.618720539,0,0.417705546,0.111408905,0.070602976,0.788659901,0,0,0,0.14331703,0.360547589,0.462293132,Sensitive
18S_30,0,0.395301054,0,0,0,0,0.936211287,0.417596017,0.537284817,0,0,0,Sensitive
18S_31,0.022887002,0,0.128086232,0.439082153,0.317216188,0.406436572,0,0,0,0.190037988,0.35463091,0.460806659,Sensitive
18S_38,0,0,0.376277062,0.545745445,0.229708274,0.21065521,0,0,0,0.144696974,0,0.126350213,Sensitive
18S_45,0,0,0.106041717,0,0,0,0,0,0,0.216059787,0.367573644,0.516797146,Sensitive
18S_46,0,0,0,0,0,0,0.666648356,0.314276258,0,0,0,0,Sensitive
18S_48,0.085376234,0.166942112,0,0,0,0,0.129484378,0.080871455,0.221680649,0,0,0,Sensitive
18S_49,0.059403344,0.201558871,0,0,0,0,0,0.063891327,0,0,0,0,Sensitive
18S_50,0,0,0,0.185530853,0.374560389,0,0,0,0,0,0,0.214052126,Sensitive
18S_55,0,0,0,0,0,0,0,0.558617415,0,0.075108375,0,0,Sensitive
18S_57,0,0,0,0,0,0,0,0,0,0,0,0,Sensitive
18S_60,0.024172789,0,0,0.074573912,0.059664487,0.3493625,0,0,0,0.048889441,0,0,Sensitive
18S_61,0.028030149,0.088775237,0,0,0,0,0.099271356,0.104470954,0.091280267,0,0,0,Sensitive
18S_65,0.105691663,0,0,0,0.056018324,0.2096175,0,0,0,0,0,0,Sensitive
18S_67,0,0,0,0,0,0.576275173,0,0,0,0,0,0,Sensitive
18S_70,0,0,0,0,0,0,0,0,0,0,0,0,Sensitive
18S_74,0,0.132325353,0.034967161,0.03932079,0.066293874,0,0,0,0,0,0,0,Sensitive
18S_78,0,0.223892264,0,0,0,0,0.077690627,0.103319759,0,0,0,0,Sensitive
18S_88,0,0,0,0,0,0,0,0,0,0.051846463,0.133495056,0,Sensitive
18S_90,0,0,0,0,0,0,0,0.157425928,0.086346199,0,0,0,Sensitive
18S_93,0,0,0,0,0,0,0,0,0.176921599,0,0,0,Sensitive
18S_105,0,0,0,0.047230144,0,0,0,0,0,0.034301463,0.066192839,0.085224457,Sensitive
18S_107,0,0,0.061192532,0.063048853,0.132256279,0,0,0,0,0,0,0,Sensitive
18S_110,0,0.025683402,0.020524203,0,0,0,0.098486602,0.019858115,0.039472548,0,0,0,Sensitive
18S_111,0,0,0,0,0.26849019,0,0,0,0,0,0,0,Sensitive
18S_112,0,0.450576202,0,0,0,0,0,0,0,0,0,0,Sensitive
18S_119,0.102091461,0,0,0,0,0,0,0.040004029,0,0,0,0,Sensitive
18S_122,0,0,0.274036123,0,0,0,0,0,0,0,0,0,Sensitive
18S_127,0,0,0,0,0,0,0.263677278,0,0,0,0,0,Sensitive
18S_129,0.006428933,0,0,0,0,0.031477215,0,0,0,0,0.026994845,0,Sensitive
18S_134,0,0,0,0.138300709,0,0,0,0,0,0,0,0,Sensitive
18S_145,0,0,0,0,0.183634031,0,0,0,0,0,0,0,Sensitive
18S_157,0,0.072025192,0,0,0,0.073331535,0,0,0,0.029767361,0,0,Sensitive
18S_158,0,0.273584063,0,0,0,0,0,0,0,0,0,0,Sensitive
18S_160,0,0,0,0,0,0,0,0.13814341,0,0,0,0,Sensitive
18S_162,0,0,0,0,0,0,0.186771405,0,0,0,0,0,Sensitive
18S_163,0,0,0,0.107341237,0,0,0,0,0,0,0,0,Sensitive
18S_175,0,0,0,0,0,0,0,0,0,0.085950791,0,0,Sensitive
18S_186,0,0,0,0,0,0.071947921,0,0,0,0,0,0,Sensitive
18S_187,0.031116037,0.151867072,0,0,0,0,0,0,0,0,0,0,Sensitive
18S_190,0,0,0,0,0,0,0,0,0,0,0,0,Sensitive
18S_193,0,0,0,0,0.117340157,0,0,0,0,0,0,0,Sensitive
18S_194,0,0,0,0,0,0,0.042769082,0,0.043173099,0,0,0,Sensitive
18S_195,0,0,0,0,0,0.121066213,0,0,0,0,0,0,Sensitive
18S_199,0,0,0,0,0,0,0,0,0,0,0.091708515,0.046576157,Sensitive
18S_200,0,0,0.064233155,0,0,0,0,0,0.030133061,0,0,0,Sensitive
18S_203,0,0,0,0,0,0,0,0,0,0,0,0,Sensitive
18S_206,0,0,0,0,0,0,0,0,0,0,0,0,Sensitive
18S_207,0,0,0,0,0,0,0,0,0,0,0,0,Sensitive
18S_208,0,0,0.121624909,0,0,0,0,0,0,0,0,0,Sensitive
18S_212,0,0,0.115163586,0,0,0,0,0,0,0,0,0,Sensitive
18S_215,0,0,0,0,0,0,0,0,0,0,0.107609588,0,Sensitive
18S_218,0,0,0,0,0,0,0,0,0,0,0,0,Sensitive
18S_226,0.066089434,0,0,0,0,0,0,0,0,0,0,0,Sensitive
18S_227,0,0,0,0,0,0.088205384,0,0,0,0,0,0,Sensitive
18S_228,0,0,0,0,0,0,0.021973106,0,0.00969192,0,0,0,Sensitive
18S_234,0,0,0,0.054687535,0,0,0,0,0,0,0,0,Sensitive
18S_235,0,0,0,0,0,0.018678787,0,0,0,0,0,0,Sensitive
18S_236,0,0,0,0,0,0,0,0,0,0,0,0,Sensitive
18S_244,0,0,0,0.026891805,0,0,0,0,0,0,0,0,Sensitive
18S_247,0.05297441,0,0,0,0,0,0,0,0,0,0,0,Sensitive
18S_250,0,0,0,0,0,0,0,0,0.035419563,0,0,0,Sensitive
18S_252,0,0.10999196,0,0,0,0,0,0,0,0,0,0,Sensitive
18S_253,0,0,0,0,0,0.068142983,0,0,0,0,0,0,Sensitive
18S_256,0,0,0,0,0,0,0.075728742,0,0,0,0,0,Sensitive
18S_257,0,0,0,0,0,0,0,0,0,0,0,0.095629769,Sensitive
18S_266,0,0,0,0,0,0,0,0,0,0,0.065453255,0,Sensitive
18S_267,0,0,0,0.039772753,0,0,0,0,0,0,0,0,Sensitive
18S_268,0,0,0,0,0,0.059841299,0,0,0,0,0,0,Sensitive
18S_272,0,0,0,0,0,0,0,0.048350194,0,0,0,0,Sensitive
18S_273,0,0,0,0,0,0,0,0,0.029604411,0,0,0,Sensitive
18S_275,0,0,0,0,0,0,0.065526943,0,0,0,0,0,Sensitive
18S_278,0,0,0,0,0,0,0,0,0,0,0,0.082251511,Sensitive
18S_279,0,0,0,0,0,0,0.064742189,0,0,0,0,0,Sensitive
18S_282,0,0,0,0,0,0,0,0,0.012158955,0,0,0,Sensitive
18S_288,0,0,0,0,0,0.05188552,0,0,0,0,0,0,Sensitive
18S_289,0,0,0,0,0,0.030439505,0,0,0,0,0,0,Sensitive
18S_293,0,0,0,0,0.047731589,0,0,0,0,0,0,0,Sensitive
18S_296,0,0,0,0,0,0,0,0,0,0.027796013,0,0,Sensitive
18S_302,0,0,0,0,0,0,0,0,0,0,0,0.066395798,Sensitive
18S_305,0,0,0,0,0,0,0,0,0,0,0,0.064413834,Sensitive
18S_307,0,0,0,0,0,0,0,0.037126041,0,0,0,0,Sensitive
18S_311,0,0,0,0,0,0,0,0,0,0,0,0,Sensitive
18S_314,0,0,0,0,0,0,0,0,0.021322225,0,0,0,Sensitive
18S_315,0,0.03238342,0,0,0,0.021100111,0,0,0,0,0,0,Sensitive
18S_320,0,0,0,0,0,0.039432995,0,0,0,0,0,0,Sensitive
18S_321,0,0,0,0,0,0.021791918,0,0,0,0.009856742,0,0,Sensitive
18S_323,0,0,0,0,0,0,0,0,0,0,0,0.054504013,Sensitive
18S_324,0,0,0,0,0,0,0,0.030794469,0,0,0,0,Sensitive
18S_328,0,0.058066822,0,0,0,0,0,0,0,0,0,0,Sensitive
18S_331,0,0,0,0,0,0,0,0.029643273,0,0,0,0,Sensitive
18S_332,0,0,0,0,0,0,0,0.029355475,0,0,0,0,Sensitive
18S_333,0,0,0,0,0,0,0,0,0,0,0,0,Sensitive
18S_335,0,0,0,0,0,0,0,0,0,0,0,0,Sensitive
18S_337,0,0,0,0,0,0,0.038845313,0,0,0,0,0,Sensitive
18S_349,0.023401317,0,0,0,0,0,0,0,0,0,0,0,Sensitive
18S_351,0,0.049133464,0,0,0,0,0,0,0,0,0,0,Sensitive
18S_352,0,0,0,0,0,0,0,0,0,0.017347866,0,0,Sensitive
18S_358,0,0,0,0,0,0.029055891,0,0,0,0,0,0,Sensitive
18S_360,0,0,0,0,0,0.028709988,0,0,0,0,0,0,Sensitive
18S_372,0,0,0,0,0,0,0,0,0,0.014193709,0,0,Sensitive
18S_375,0,0,0,0,0,0.023867339,0,0,0,0,0,0,Sensitive
18S_379,0,0,0,0,0,0,0,0,0,0,0,0,Sensitive
18S_381,0,0,0.025845293,0,0,0,0,0,0,0,0,0,Sensitive
18S_386,0,0,0,0,0,0.022829629,0,0,0,0,0,0,Sensitive
18S_389,0,0,0,0,0,0,0,0,0,0,0,0,Sensitive
18S_413,0,0,0,0,0,0,0,0,0.009868137,0,0,0,Sensitive
18S_416,0,0,0,0.012428985,0,0,0,0,0,0,0,0,Sensitive
18S_420,0,0,0,0,0,0,0,0,0.009515704,0,0,0,Sensitive
18S_431,0,0,0,0,0,0,0,0,0,0,0,0,Sensitive
18S_435,0,0,0,0,0,0,0,0,0,0,0,0,Sensitive
18S_442,0,0,0,0,0,0,0,0,0,0,0,0,Sensitive
18S_443,0,0,0,0,0,0,0,0,0,0,0,0,Sensitive
18S_450,0,0,0,0,0,0.015219752,0,0,0,0,0,0,Sensitive
18S_453,0,0,0,0,0,0,0,0,0,0,0,0,Sensitive
18S_454,0,0,0,0,0,0.014873849,0,0,0,0,0,0,Sensitive
18S_479,0,0,0,0,0,0,0,0,0,0,0,0,Sensitive
18S_483,0,0,0,0.007683373,0,0,0,0,0,0,0,0,Sensitive
18S_484,0,0,0,0,0,0,0,0.009785158,0,0,0,0,Sensitive
18S_485,0,0,0,0,0,0,0,0,0.005991369,0,0,0,Sensitive
18S_489,0,0,0,0,0,0,0,0,0,0,0,0,Sensitive
18S_491,0,0,0,0,0.010938489,0,0,0,0,0,0,0,Sensitive
18S_498,0,0,0,0,0.009944081,0,0,0,0,0,0,0,Sensitive
18S_499,0,0,0,0,0,0.010377104,0,0,0,0,0,0,Sensitive
18S_507,0,0,0.01064218,0,0,0,0,0,0,0,0,0,Sensitive
18S_510,0,0,0.010262102,0,0,0,0,0,0,0,0,0,Sensitive
18S_520,0,0,0,0,0,0,0,0,0,0.004731236,0,0,Sensitive
18S_532,0,0,0,0,0,0.007263973,0,0,0,0,0,0,Sensitive
18S_533,0,0.011166696,0,0,0,0,0,0,0,0,0,0,Sensitive
18S_541,0,0,0,0,0,0,0,0,0,0,0.006656263,0,Sensitive
18S_548,0,0,0,0,0,0,0,0,0,0,0.005916678,0,Sensitive
18S_552,0,0,0,0,0,0,0,0.004316982,0,0,0,0,Sensitive
18S_554,0.003600203,0,0,0,0,0,0,0,0,0,0,0,Sensitive
18S_557,0,0,0,0,0,0.004496745,0,0,0,0,0,0,Sensitive
18S_577,0,0,0,0,0,0,0,0,0,0,0,0.004459419,Sensitive
18S_579,0,0,0,0,0,0,0,0,0,0,0,0,Sensitive
18S_589,0,0,0,0,0,0,0,0,0,0,0,0,Sensitive
18S_592,0,0,0,0,0,0,0,0,0,0,0.002218754,0,Sensitive
18S_593,0,0,0,0,0,0,0,0,0,0,0,0,Sensitive
18S_601,0,0,0,0,0,0,0,0,0,0,0,0,Sensitive
18S_608,0,0,0,0,0,0,0,0,0,0,0,0,Sensitive
18S_15,0.61383455,0.500268001,0.330667721,0.146436045,0,0.276376869,1.911660264,3.979681407,2.468796422,0.371599178,0.729600402,0.716975523,Less sensitive
18S_16,0.525629585,0.421542791,0.197260399,0.092652436,0,0.242132426,1.890079535,2.933245075,2.594791386,0.453015867,0.343167346,0.575760579,Less sensitive
18S_17,0.309874584,0.243992317,0.125805765,0.124967798,0,0.258735792,1.804933747,2.511907674,1.905079095,0.232816249,0.148286752,0.447428402,Less sensitive
18S_20,0.256900174,0.300384134,0.183197519,0.09174851,0,0.197164975,1.30818459,1.845941318,1.195982963,0.191220797,0.227422325,0.364185908,Less sensitive
18S_34,0.024429946,0.086541897,0.102240939,0,0.023865795,0,0.620347881,0.305930094,0.256923996,0.113352534,0.166036787,0.186304628,Less sensitive
18S_35,0.023658474,0.071466857,0.096919849,0,0.043091018,0.024905049,0.465359005,0.232829206,0.167934546,0.061308936,0.063974085,0.170448915,Less sensitive
18S_37,0.015686597,0,0.130366699,0,0,0,0.346861181,0.275423424,0.185027569,0.048692306,0,0.214052126,Less sensitive
18S_41,0,0.048016795,0.05625152,0,0.027180488,0.014527946,0.284473254,0.200020146,0.072601294,0.044158205,0.052140728,0.085719948,Less sensitive
18S_43,0,0,0,0,0,0,0.175000098,0.200595743,0.289347875,0,0,0,Less sensitive
18S_47,0.032658981,0.064208505,0,0.021242266,0,0.04289203,0.100840864,0.068783906,0.096919203,0.063871689,0,0,Less sensitive
18S_52,0.010800608,0.045225121,0.027365604,0,0.057012732,0.023867339,0.165975429,0.043169816,0.028547111,0.010842416,0.062864708,0.046080666,Less sensitive
18S_73,0,0,0,0,0,0,0,0,0.119474945,0.103692927,0,0,Less sensitive
18S_84,0.025715733,0,0,0,0,0,0,0.308232484,0,0,0,0,Less sensitive
18S_99,0.02700152,0,0,0,0,0,0,0.245204553,0,0,0,0,Less sensitive
18S_109,0,0,0,0,0,0,0,0.16865008,0,0,0,0,Less sensitive
18S_114,0,0,0,0,0,0,0.310370129,0,0,0,0,0,Less sensitive
18S_115,0,0,0,0,0,0,0.184809521,0.050076986,0,0,0,0,Less sensitive
18S_120,0,0,0,0,0,0,0,0,0.128990648,0,0,0,Less sensitive
18S_124,0.022115531,0,0,0,0,0.024213243,0.082006772,0,0.025727643,0,0,0.041125756,Less sensitive
18S_132,0.034201925,0,0,0.019886376,0,0,0,0,0,0.031147305,0,0,Less sensitive
18S_136,0,0,0,0,0,0,0.065919319,0.057559754,0.031366578,0,0,0,Less sensitive
18S_137,0,0,0,0,0,0,0,0,0,0.060914666,0,0,Less sensitive
18S_146,0,0,0,0,0,0,0,0.069071705,0,0,0,0,Less sensitive
18S_153,0,0,0.036107395,0,0,0,0,0.060437742,0,0,0,0.034684372,Less sensitive
18S_164,0,0,0,0,0,0,0,0,0.083526731,0,0,0,Less sensitive
18S_167,0,0,0,0,0,0.040124802,0.136939539,0,0,0,0,0,Less sensitive
18S_168,0,0,0,0,0,0,0,0,0.039120115,0.016165057,0,0,Less sensitive
18S_201,0,0,0,0,0,0,0.062387927,0.052091578,0,0,0,0,Less sensitive
18S_202,0,0,0,0,0,0,0.132231016,0,0,0,0,0,Less sensitive
18S_214,0,0,0,0,0,0,0.017656961,0,0.013040038,0,0,0,Less sensitive
18S_219,0,0,0,0,0,0,0,0.0233117,0.026608727,0.003942697,0,0,Less sensitive
18S_221,0.069946794,0,0,0,0,0,0,0,0,0,0,0,Less sensitive
18S_224,0,0,0,0,0,0,0,0,0,0.05007225,0,0,Less sensitive
18S_229,0,0,0,0,0,0,0,0.018131323,0.011277871,0,0,0,Less sensitive
18S_231,0,0,0,0,0,0,0,0.014965536,0.015683289,0,0,0,Less sensitive
18S_240,0,0,0,0,0,0,0,0,0.03559578,0,0,0,Less sensitive
18S_258,0,0,0,0,0,0,0.047869982,0,0.012158955,0,0,0,Less sensitive
18S_276,0,0,0,0,0,0,0.023542614,0.021297109,0,0,0,0,Less sensitive
18S_277,0,0,0,0,0,0,0,0,0.021322225,0.008871068,0,0,Less sensitive
18S_284,0,0,0,0,0,0,0,0.024750694,0,0.007491124,0,0,Less sensitive
18S_286,0.004628832,0,0,0,0,0,0,0,0.014802206,0,0,0,Less sensitive
18S_287,0,0,0,0,0,0.007609876,0.032567283,0,0,0,0,0,Less sensitive
18S_290,0,0,0,0,0,0,0,0,0.02643251,0,0,0,Less sensitive
18S_294,0,0,0,0,0,0,0,0,0.025375209,0,0,0,Less sensitive
18S_300,0.010543451,0.018425049,0,0,0,0,0,0,0,0,0,0,Less sensitive
18S_306,0,0,0,0,0,0,0,0.037126041,0,0,0,0,Less sensitive
18S_308,0,0,0,0,0,0,0,0,0.011101654,0,0,0,Less sensitive
18S_316,0,0,0,0,0,0,0,0,0.015507072,0,0,0,Less sensitive
18S_318,0,0,0,0,0,0,0,0,0,0,0,0,Less sensitive
18S_319,0,0,0,0,0,0,0,0,0,0,0,0,Less sensitive
18S_339,0,0,0,0,0,0,0,0,0.017093023,0,0,0,Less sensitive
18S_346,0,0,0,0,0,0,0,0,0.010396787,0,0,0,Less sensitive
18S_350,0,0,0,0,0,0,0,0,0,0,0,0,Less sensitive
18S_353,0,0,0,0,0,0,0.03413679,0,0,0,0,0,Less sensitive
18S_354,0,0,0,0,0,0,0.03413679,0,0,0,0,0,Less sensitive
18S_361,0,0,0,0,0,0,0,0,0,0.016362192,0,0,Less sensitive
18S_364,0,0.008375022,0,0,0,0,0.025504499,0,0,0,0,0,Less sensitive
18S_365,0,0,0,0,0,0,0,0,0.013921122,0,0,0,Less sensitive
18S_371,0,0,0,0,0,0,0,0,0.012687605,0,0,0,Less sensitive
18S_373,0,0,0,0,0,0,0,0,0.012511388,0,0,0,Less sensitive
18S_377,0,0,0,0,0,0,0,0.019858115,0,0,0,0,Less sensitive
18S_388,0,0,0,0,0,0,0,0,0.011630304,0,0,0,Less sensitive
18S_393,0,0,0,0,0,0,0,0,0.011277871,0,0,0,Less sensitive
18S_394,0,0,0,0,0,0,0.009024669,0.011511951,0,0,0,0,Less sensitive
18S_399,0,0,0,0,0,0,0,0,0,0,0,0,Less sensitive
18S_405,0,0,0,0,0,0,0,0,0,0,0,0,Less sensitive
18S_415,0,0,0,0,0,0,0,0,0,0,0,0,Less sensitive
18S_422,0,0,0,0,0,0,0,0,0.009515704,0,0,0,Less sensitive
18S_424,0,0,0,0,0,0,0,0,0,0.010448147,0,0,Less sensitive
18S_429,0,0,0,0,0,0,0,0,0,0.010053877,0,0,Less sensitive
18S_430,0,0,0,0,0,0,0,0,0,0,0.018859412,0,Less sensitive
18S_433,0,0,0,0,0,0.003113131,0,0,0.005110285,0,0,0,Less sensitive
18S_438,0,0,0,0,0,0,0,0.013814341,0,0,0,0,Less sensitive
18S_439,0,0,0,0,0,0,0,0.013814341,0,0,0,0,Less sensitive
18S_449,0,0,0,0,0,0,0,0,0,0,0,0,Less sensitive
18S_455,0,0,0,0,0,0,0.01647983,0,0,0,0,0,Less sensitive
18S_458,0,0,0,0,0,0,0,0,0.007224886,0,0,0,Less sensitive
18S_459,0,0,0,0,0,0,0,0.011511951,0,0,0,0,Less sensitive
18S_462,0.010029136,0,0,0,0,0,0,0,0,0,0,0,Less sensitive
18S_464,0,0,0,0,0,0,0,0,0.006872453,0,0,0,Less sensitive
18S_477,0,0,0,0,0,0,0,0.010360756,0,0,0,0,Less sensitive
18S_478,0,0,0,0,0,0,0,0.010360756,0,0,0,0,Less sensitive
18S_482,0,0,0,0,0,0,0,0,0,0,0,0,Less sensitive
18S_506,0,0,0,0,0,0,0,0,0,0,0,0,Less sensitive
18S_508,0,0,0,0,0,0,0.010986553,0,0,0,0,0,Less sensitive
18S_516,0.006686091,0,0,0,0,0,0,0,0,0,0,0,Less sensitive
18S_524,0,0,0,0,0,0,0,0,0,0.004534101,0,0,Less sensitive
18S_525,0,0,0,0,0,0,0,0,0,0,0,0,Less sensitive
18S_526,0,0,0.008361712,0,0,0,0,0,0,0,0,0,Less sensitive
18S_527,0,0,0,0,0,0,0.008632292,0,0,0,0,0,Less sensitive
18S_539,0,0,0,0,0,0,0,0.005468177,0,0,0,0,Less sensitive
18S_543,0,0,0,0,0,0,0,0,0,0,0,0,Less sensitive
18S_544,0,0.009491692,0,0,0,0,0,0,0,0,0,0,Less sensitive
18S_545,0,0,0,0,0,0,0,0.004892579,0,0,0,0,Less sensitive
18S_561,0,0,0,0,0,0,0,0,0,0,0,0,Less sensitive
18S_572,0,0,0,0,0,0,0,0,0,0,0,0,Less sensitive
18S_573,0,0,0,0,0,0,0,0,0,0,0,0,Less sensitive
18S_575,0,0,0,0,0,0.003113131,0,0,0,0,0,0,Less sensitive
18S_578,0,0,0,0,0,0,0,0,0,0,0,0,Less sensitive
18S_580,0.002057259,0,0,0,0,0,0,0,0,0,0,0,Less sensitive
18S_582,0,0,0,0,0,0,0,0,0,0,0,0,Less sensitive
18S_587,0,0,0,0,0,0,0,0.002014591,0,0,0,0,Less sensitive
18S_595,0,0,0,0,0,0,0,0,0,0,0,0,Less sensitive
18S_599,0,0,0,0,0,0,0,0,0,0,0,0,Less sensitive
18S_609,0,0,0,0,0,0,0,0,0,0,0,0,Less sensitive
18S_538,0,0,0,0,0,0,0,0,0,0,0,0,Other metazoan
18S_149,0,0.021775058,0,0,0,0,0,0,0,0,0,0,Other metazoan
18S_419,0,0,0,0,0,0,0,0,0.005991369,0,0,0,Other metazoan
18S_9,0.445139341,0.078166875,1.495226222,0.336486529,1.048769088,0.510207611,1.499272141,1.812844459,1.242856614,1.396897492,1.361575611,0.306708949,Less sensitive
18S_108,0,0.151867072,0,0,0,0,0,0,0,0,0,0,Less sensitive
18S_551,0,0,0,0,0,0,0.005885654,0,0,0,0,0,Less sensitive
18S_3,0,0,0.048269886,11.56505783,11.93356028,2.043943576,3.197479371,4.893442505,0.012687605,4.158756631,5.57646937,8.252403132,Less sensitive
18S_5,0.012600709,0.018983384,0.010262102,0.004067668,0.925462483,0.688001992,0.900112612,23.73850604,42.53466624,10.50708995,15.41331696,3.165692201,Less sensitive
18S_42,0,0,0,0.067794465,0.070602976,0,0,0,0,0.049480845,0.048442804,0.143692399,Less sensitive
18S_51,0,0,0,0.040676679,0.044416896,0,0,0.011224152,0,0.029767361,0.055838652,0.046080666,Less sensitive
18S_77,0,0,0,0.019434413,0.016904938,0.003459035,0,0.014677737,0,0.013405169,0.024036506,0.022297096,Less sensitive
18S_79,0,0,0,0.025309934,0.006960857,0.009685297,0.00627803,0,0,0,0,0.042612229,Less sensitive
18S_80,0,0,0,0,0.023534325,0,0,0,0,0.018136405,0.032911523,0.041125756,Less sensitive
18S_85,0,0,0,0.034123214,0,0,0,0,0,0.022276237,0,0,Less sensitive
18S_96,0,0,0,0.015366745,0.019888162,0,0,0,0,0.007491124,0.022927129,0.016351204,Less sensitive
18S_103,0,0,0,0,0,0,0,0,0,0,0,0,Less sensitive
18S_148,0,0,0,0.021468247,0.018562285,0,0,0.01410214,0,0.011039551,0.00924481,0,Less sensitive
18S_150,0,0,0,0,0,0,0,0,0,0,0.189333708,0,Less sensitive
18S_151,0,0,0,0,0,0,0,0.020145914,0,0,0,0,Less sensitive
18S_170,0,0,0,0,0,0,0,0.129509447,0,0,0,0,Less sensitive
18S_172,0,0,0,0,0,0,0,0,0,0,0,0,Less sensitive
18S_181,0,0,0,0,0,0,0,0,0,0.009265338,0.019229205,0.042612229,Less sensitive
18S_188,0,0,0,0.00723141,0.003314694,0,0,0,0,0,0,0.005450401,Less sensitive
18S_192,0,0,0,0.017626561,0,0,0,0,0,0,0,0,Less sensitive
18S_209,0,0,0,0.015818709,0,0,0,0,0,0.00611118,0,0,Less sensitive
18S_222,0,0,0,0,0.01591053,0,0,0,0,0.004731236,0,0,Less sensitive
18S_223,0,0,0,0,0,0,0,0,0,0,0,0,Less sensitive
18S_225,0,0,0,0,0,0,0,0,0,0,0,0,Less sensitive
18S_238,0,0,0,0,0.051046283,0,0,0,0,0,0,0,Less sensitive
18S_242,0,0,0,0,0,0,0,0,0,0,0,0,Less sensitive
18S_243,0,0,0,0,0,0,0,0,0,0,0,0,Less sensitive
18S_248,0,0,0,0,0,0,0,0,0,0,0,0,Less sensitive
18S_269,0,0,0,0,0,0,0,0,0,0.006308315,0,0,Less sensitive
18S_271,0,0,0,0,0,0,0,0,0,0,0,0,Less sensitive
18S_292,0,0,0,0.01016917,0,0,0,0,0,0,0,0,Less sensitive
18S_301,0,0,0,0,0,0,0,0.010072957,0,0,0,0,Less sensitive
18S_317,0,0,0,0,0,0,0,0,0,0,0,0,Less sensitive
18S_340,0,0,0,0,0,0,0,0,0,0,0,0,Less sensitive
18S_347,0,0,0,0,0,0,0,0,0,0,0,0,Less sensitive
18S_348,0,0,0,0,0,0,0,0,0,0,0,0,Less sensitive
18S_362,0,0,0,0,0,0,0,0,0,0.015967922,0,0,Less sensitive
18S_383,0,0,0,0,0,0,0,0,0,0,0,0,Less sensitive
18S_385,0,0,0,0.014914782,0,0,0,0,0,0,0,0,Less sensitive
18S_397,0,0,0,0,0,0,0,0,0,0.005519776,0,0,Less sensitive
18S_398,0,0,0,0,0,0,0,0,0,0,0,0,Less sensitive
18S_406,0,0,0,0,0,0,0,0,0,0,0,0,Less sensitive
18S_407,0,0,0,0.013332912,0,0,0,0,0,0,0,0,Less sensitive
18S_409,0,0,0,0,0,0,0,0,0,0,0,0,Less sensitive
18S_410,0,0,0,0.01310693,0,0,0,0,0,0,0,0,Less sensitive
18S_411,0,0,0,0,0,0,0,0,0,0.000985674,0,0,Less sensitive
18S_418,0,0,0,0,0,0,0,0,0.00969192,0,0,0,Less sensitive
18S_423,0,0,0,0,0,0,0,0,0,0,0,0,Less sensitive
18S_432,0,0,0,0,0,0,0,0,0,0,0,0,Less sensitive
18S_444,0,0,0,0,0,0,0,0,0,0.002365618,0,0,Less sensitive
18S_447,0,0,0,0.01016917,0,0,0,0,0,0,0,0,Less sensitive
18S_451,0,0,0,0,0,0,0,0,0,0,0,0,Less sensitive
18S_452,0,0,0,0,0,0,0,0,0,0,0,0,Less sensitive
18S_456,0,0,0,0,0,0,0,0,0,0,0,0,Less sensitive
18S_465,0,0,0,0,0,0,0,0,0,0.007688259,0,0,Less sensitive
18S_466,0,0,0,0,0,0,0,0,0,0,0,0,Less sensitive
18S_474,0,0,0,0,0.012264367,0,0,0,0,0,0,0,Less sensitive
18S_476,0,0,0,0,0,0,0,0,0,0,0,0,Less sensitive
18S_480,0,0,0,0,0,0,0,0,0,0,0,0,Less sensitive
18S_487,0,0,0,0,0,0,0,0,0,0,0.012572942,0,Less sensitive
18S_492,0,0,0,0.00723141,0,0,0,0,0,0,0,0,Less sensitive
18S_497,0,0,0,0,0,0,0,0,0,0,0,0,Less sensitive
18S_500,0,0,0,0,0,0,0,0,0,0,0.011093772,0,Less sensitive
18S_504,0,0,0,0,0,0,0,0.008346164,0,0,0,0,Less sensitive
18S_509,0,0,0,0,0,0,0,0.008058366,0,0,0,0,Less sensitive
18S_511,0,0,0,0.002259816,0,0,0,0,0,0,0,0,Less sensitive
18S_517,0,0,0,0,0,0,0,0,0,0,0,0,Less sensitive
18S_518,0,0,0,0,0,0,0,0,0,0,0,0,Less sensitive
18S_530,0,0,0,0,0,0,0,0,0,0,0,0,Less sensitive
18S_536,0,0,0,0,0,0,0,0,0,0,0,0,Less sensitive
18S_549,0,0,0,0,0,0,0,0,0,0,0.005916678,0,Less sensitive
18S_550,0,0,0,0.002485797,0,0,0,0,0,0.000788539,0,0,Less sensitive
18S_566,0,0,0,0,0,0,0,0,0,0,0,0,Less sensitive
18S_588,0,0,0,0,0,0,0,0,0,0,0,0,Less sensitive
18S_594,0,0,0,0,0,0,0,0,0,0,0,0,Less sensitive
18S_603,0,0,0,0,0,0,0,0,0,0,0,0,Less sensitive
18S_604,0,0,0,0,0,0,0,0,0,0,0,0,Less sensitive
18S_2,41.3544991,16.34078524,26.49636646,12.54062018,8.82073142,7.324159973,19.71497742,27.95936281,18.56284682,42.07468651,49.30479029,52.55475176,Sensitive
18S_13,0,0,0,0,0,0,0.605437559,0.511994014,0.206173577,0,0,0,Sensitive
18S_26,0,0,0,0,0,0,0.296244561,0,0,0,0,0,Sensitive
18S_32,0,0.147958728,0.008361712,0,0,0.013144332,0.337051758,0.181601025,0.077006712,0,0,0,Sensitive
18S_33,0,0,0,0,0,0,0.187948536,0,0.145378804,0,0,0,Sensitive
18S_39,0.257928803,0,1.77192289,0,0,0,0,0,0,0,0,0,Sensitive
18S_53,0,0,0,0,0,0,0.109473156,0,0,0,0,0,Sensitive
18S_64,0.465197613,0,0,0,0,0,0,0,0,0,0,0,Sensitive
18S_66,0,0,0,0,0,0,0,0,0,0,0,0.879496581,Sensitive
18S_71,0.383678738,0,0,0,0,0,0,0,0,0,0,0,Sensitive
18S_86,0,0,0,0,0,0,0,0,0,0,0,0.542067189,Sensitive
18S_94,0,0,0,0,0.332463779,0,0,0,0,0,0,0,Sensitive
18S_100,0,0,0,0,0,0,0,0,0,0,0,0,Sensitive
18S_101,0.147351151,0,0,0,0,0,0,0,0,0.045735283,0,0,Sensitive
18S_117,0,0,0,0.17332785,0,0,0,0,0,0,0,0,Sensitive
18S_125,0,0,0,0,0,0,0,0,0,0.133854558,0,0,Sensitive
18S_139,0,0,0,0,0,0,0,0,0,0,0,0.289366762,Sensitive
18S_141,0,0,0,0,0,0,0,0,0,0,0,0,Sensitive
18S_142,0,0,0,0.125645742,0,0,0,0,0,0,0,0,Sensitive
18S_143,0,0,0,0,0,0,0,0,0,0.109409837,0,0,Sensitive
18S_155,0,0,0,0,0,0,0,0,0,0,0,0,Sensitive
18S_156,0,0,0,0,0,0,0,0,0,0,0.182677445,0,Sensitive
18S_165,0,0,0,0,0,0,0,0,0,0,0,0,Sensitive
18S_166,0.120349631,0,0,0,0,0,0,0,0,0,0,0,Sensitive
18S_173,0,0,0,0.098979919,0,0,0,0,0,0,0,0,Sensitive
18S_177,0.110320495,0,0,0,0,0,0,0,0,0,0,0,Sensitive
18S_184,0,0,0,0.089488694,0,0,0,0,0,0,0,0,Sensitive
18S_204,0,0,0,0,0,0,0.131053885,0,0,0,0,0,Sensitive
18S_205,0,0,0,0,0,0,0,0,0,0,0,0,Sensitive
18S_239,0,0,0,0,0,0,0,0,0.038239031,0,0,0,Sensitive
18S_245,0,0,0,0,0,0,0,0.060725541,0,0,0,0,Sensitive
18S_274,0,0,0,0,0,0,0,0,0,0,0,0,Sensitive
18S_280,0,0,0,0,0,0,0,0,0,0,0,0.081260529,Sensitive
18S_322,0,0,0,0,0,0,0,0,0,0,0,0.055494996,Sensitive
18S_329,0,0,0,0,0,0,0,0,0,0.020502024,0,0,Sensitive
18S_334,0,0,0,0,0,0,0,0.028779877,0,0,0,0,Sensitive
18S_336,0,0,0,0,0,0,0,0,0,0,0,0,Sensitive
18S_344,0,0,0,0,0,0,0,0,0,0,0.034390693,0,Sensitive
18S_345,0,0,0,0,0.030495182,0,0,0,0,0,0,0,Sensitive
18S_356,0,0,0,0,0,0,0,0,0,0,0,0,Sensitive
18S_357,0.021601216,0,0,0,0,0,0,0,0,0,0,0,Sensitive
18S_363,0,0,0,0,0,0,0,0,0,0,0,0,Sensitive
18S_378,0,0,0,0,0,0,0,0,0,0.013602304,0,0,Sensitive
18S_384,0,0,0,0,0,0,0,0,0,0,0,0,Sensitive
18S_390,0,0,0,0,0,0,0.025504499,0,0,0,0,0,Sensitive
18S_391,0,0,0,0,0,0,0,0,0,0,0,0,Sensitive
18S_392,0,0,0,0,0.02121404,0,0,0,0,0,0,0,Sensitive
18S_395,0,0,0,0,0,0,0,0.018131323,0,0,0,0,Sensitive
18S_402,0,0,0,0,0,0,0,0,0,0.011828091,0,0,Sensitive
18S_403,0,0,0,0,0,0,0,0,0,0,0.022187544,0,Sensitive
18S_412,0,0,0,0,0,0,0.022365483,0,0,0,0,0,Sensitive
18S_425,0,0,0,0,0,0,0,0,0,0,0.019598997,0,Sensitive
18S_434,0,0,0,0,0,0,0,0,0,0.009856742,0,0,Sensitive
18S_441,0,0,0,0,0,0,0,0,0,0,0,0,Sensitive
18S_461,0,0,0,0,0,0,0,0,0,0,0,0,Sensitive
18S_481,0,0,0,0,0,0,0,0,0.006167586,0,0,0,Sensitive
18S_486,0,0,0,0,0,0,0,0,0,0,0.012572942,0,Sensitive
18S_496,0,0,0,0,0,0,0,0,0,0,0,0,Sensitive
18S_501,0,0,0,0,0,0,0,0,0,0,0,0,Sensitive
18S_503,0,0,0,0,0,0,0.01137893,0,0,0,0,0,Sensitive
18S_505,0,0,0,0,0,0,0,0.008346164,0,0,0,0,Sensitive
18S_513,0,0,0,0,0,0,0,0,0,0,0,0.013378258,Sensitive
18S_546,0,0,0,0,0,0,0,0,0,0,0,0.008423348,Sensitive
18S_567,0.002571573,0,0,0,0,0,0,0,0,0,0,0,Sensitive
18S_571,0,0,0,0,0,0,0,0,0,0,0,0,Sensitive
18S_457,0,0,0,0.009265244,0,0,0,0,0,0,0,0,Other metazoan
18S_191,0,0,0,0,0,0,0,0,0,0,0,0,Other metazoan
18S_198,0,0,0,0,0,0,0,0,0,0.068011521,0,0,Other metazoan
18S_233,0,0,0,0,0,0,0,0,0,0.048100901,0,0,Other metazoan
18S_241,0,0,0,0,0,0,0,0,0,0,0,0,Other metazoan
18S_246,0,0,0,0,0,0,0,0,0,0,0,0,Other metazoan
18S_259,0,0,0,0,0.062647711,0,0,0,0,0,0,0,Other metazoan
18S_270,0,0,0,0,0,0,0,0,0,0,0,0,Other metazoan
18S_283,0,0,0,0,0,0,0,0,0,0,0,0,Other metazoan
18S_297,0,0,0,0,0,0,0,0,0,0,0,0,Other metazoan
18S_304,0,0,0,0,0,0,0,0,0,0,0,0,Other metazoan
18S_309,0,0,0,0,0.04209661,0,0,0,0,0,0,0,Other metazoan
18S_330,0,0,0,0,0,0,0.040414821,0,0,0,0,0,Other metazoan
18S_380,0,0,0,0,0,0,0,0,0,0,0,0,Other metazoan
18S_382,0,0,0,0,0,0,0,0,0,0,0,0,Other metazoan
18S_59,0,0,0.811846266,0,0,0,0,0,0,0,0,0,Other metazoan
18S_62,0,0,0,0,0,0,0,0,0.340626944,0,0,0,Other metazoan
18S_63,0,0,0,0,0,0,0,0,0.326000955,0,0,0,Other metazoan
18S_68,0,0,0.618006568,0,0,0,0,0,0,0,0,0,Other metazoan
18S_72,0,0.83136055,0,0,0,0,0,0,0,0,0,0,Other metazoan
18S_81,0,0.713551903,0,0,0,0,0,0,0,0,0,0,Other metazoan
18S_83,0.302159864,0,0,0,0,0,0,0,0,0,0,0,Other metazoan
18S_87,0,0,0,0,0,0,0,0,0.191900022,0,0,0,Other metazoan
18S_89,0,0,0.406683289,0,0,0,0,0,0,0,0,0,Other metazoan
18S_91,0,0,0,0,0,0,0,0,0,0,0,0,Other metazoan
18S_97,0.247128196,0,0,0,0,0,0,0,0,0,0,0,Other metazoan
18S_102,0,0,0,0,0,0,0.351962081,0,0,0,0,0,Other metazoan
18S_113,0,0,0,0,0,0,0.315078652,0,0,0,0,0,Other metazoan
18S_116,0,0,0,0,0,0,0,0,0.136039317,0,0,0,Other metazoan
18S_118,0,0,0,0,0,0,0,0,0,0.150611019,0,0,Other metazoan
18S_121,0,0,0,0,0,0,0,0,0,0,0,0,Other metazoan
18S_126,0,0.375759335,0,0,0,0,0,0,0,0,0,0,Other metazoan
18S_128,0,0,0,0,0,0,0,0,0,0,0,0,Other metazoan
18S_130,0,0,0,0.147791934,0,0,0,0,0,0,0,0,Other metazoan
18S_131,0,0,0,0,0,0,0,0,0,0.128926187,0,0,Other metazoan
18S_133,0.159694703,0,0,0,0,0,0,0,0,0,0,0,Other metazoan
18S_138,0,0.326067536,0,0,0,0,0,0,0,0,0,0,Other metazoan
18S_140,0,0,0,0,0,0,0,0,0,0,0,0,Other metazoan
18S_144,0.142465162,0,0,0,0,0,0,0,0,0,0,0,Other metazoan
18S_147,0,0,0,0,0,0,0,0,0.095861902,0,0,0,Other metazoan
18S_161,0,0,0,0,0,0,0.187163782,0,0,0,0,0,Other metazoan
18S_169,0,0,0,0.102595624,0,0,0,0,0,0,0,0,Other metazoan
18S_178,0,0,0.160772926,0,0,0,0,0,0,0,0,0,Other metazoan
18S_180,0,0,0,0,0,0,0,0,0,0,0,0,Other metazoan
18S_189,0,0,0,0,0,0,0,0,0,0.075896914,0,0,Other metazoan
18S_196,0,0,0,0,0,0,0,0,0,0.068602925,0,0,Other metazoan
18S_211,0,0,0,0.070054281,0,0,0,0,0,0,0,0,Other metazoan
18S_216,0,0,0,0,0,0,0.113004548,0,0,0,0,0,Other metazoan
18S_230,0,0,0,0,0,0,0,0,0,0,0,0,Other metazoan
18S_232,0,0,0,0.05536548,0,0,0,0,0,0,0,0,Other metazoan
18S_251,0,0,0,0,0,0,0,0,0,0,0,0,Other metazoan
18S_262,0,0.103291942,0,0,0,0,0,0,0,0,0,0,Other metazoan
18S_264,0,0.102175272,0,0,0,0,0,0,0,0,0,0,Other metazoan
18S_295,0,0,0,0,0,0,0,0,0.024846559,0,0,0,Other metazoan
18S_303,0,0.073700197,0,0,0,0,0,0,0,0,0,0,Other metazoan
18S_325,0,0.059183491,0,0,0,0,0,0,0,0,0,0,Other metazoan
18S_367,0,0.042433446,0,0,0,0,0,0,0,0,0,0,Other metazoan
18S_368,0,0,0,0,0,0,0,0,0,0,0,0,Other metazoan
18S_369,0.0192868,0,0,0,0,0,0,0,0,0,0,0,Other metazoan
18S_463,0,0.021775058,0,0,0,0,0,0,0,0,0,0,Other metazoan
18S_467,0,0.021216723,0,0,0,0,0,0,0,0,0,0,Other metazoan
18S_417,0,0,0,0,0,0,0.02158073,0,0,0,0,0,Other metazoan
18S_174,0,0,0,0,0,0,0,0,0,0,0,0,Other metazoan
18S_1,31.91116757,32.82562087,35.55514169,34.13089755,39.70041798,36.84079447,39.30439423,10.32017613,10.98728949,7.706000982,6.350814653,5.954315727,Tolerant
18S_10,2.40339242,3.593442916,2.010991851,1.899148953,1.488960413,1.449335519,1.501234025,0.25297512,0.454286736,0.361348166,0.404183092,0.270042612,Tolerant
18S_40,0,0,0,0,0,0,0,0,0,0,0,2.280745219,Tolerant
18S_92,0,0,0,0.058981185,0,0,0,0.008633963,0,0,0.052140728,0,Tolerant
18S_95,0,0,0,0.038868827,0.053366569,0.034590347,0,0,0,0,0,0,Tolerant
18S_263,0,0,0,0,0,0,0,0,0,0,0,0.091665841,Tolerant
18S_338,0,0,0,0,0,0,0,0,0,0,0,0,Tolerant
18S_473,0.001542944,0,0,0.001129908,0.000662939,0,0.002354261,0,0,0,0,0,Tolerant
18S_556,0,0,0,0,0,0,0,0,0,0,0,0,Tolerant
18S_564,0,0.002233339,0,0,0,0,0,0,0,0,0,0,Tolerant
18S_568,0,0,0,0,0,0,0,0,0.001762167,0,0,0,Tolerant
18S_21,1.553487439,1.324928533,1.163798346,0.118640314,0.211145989,0.038395285,0.010594176,0.130660642,0.151898823,0,0,0.090674859,Tolerant
18S_69,0.158666073,0.120041987,0.104521406,0,0,0,0,0.037989438,0,0,0,0,Tolerant
18S_98,0,0,0,0,0,0,0,0,0,0,0,0,Tolerant
18S_106,0.084861919,0.112783634,0,0,0,0,0,0,0,0,0,0,Tolerant
18S_123,0,0,0.023944904,0,0,0,0,0,0.110311675,0,0,0,Tolerant
18S_135,0.102862933,0,0,0,0,0,0,0,0,0,0,0,Tolerant
18S_179,0.063003546,0.037966768,0,0,0,0,0,0,0.018678974,0,0,0,Tolerant
18S_183,0.047831264,0.031825085,0.028505838,0.004971594,0,0,0,0,0,0,0,0,Tolerant
18S_254,0,0,0,0,0,0,0,0,0,0,0,0,Tolerant
18S_281,0.009771979,0.008375022,0.006081245,0,0,0,0,0,0,0,0,0,Tolerant
18S_312,0.031373194,0,0,0,0,0,0,0,0,0,0,0,Tolerant
18S_313,0.031116037,0,0,0,0,0,0,0,0,0,0,0,Tolerant
18S_327,0,0.013400036,0.001140234,0,0,0,0,0,0.002995684,0,0,0,Tolerant
18S_404,0,0,0,0,0,0,0,0,0,0,0,0,Tolerant
18S_515,0,0,0,0,0,0,0,0,0,0,0,0,Tolerant
18S_570,0,0,0,0,0,0,0,0,0,0,0,0,Tolerant
18S_607,0,0,0,0,0,0,0,0,0,0,0,0,Tolerant
18S_547,0,0,0,0,0,0,0,0,0,0.003154157,0,0,Other metazoan
18S_342,0,0,0,0.009265244,0.017567877,0,0,0,0,0,0,0,Other metazoan
18S_285,0,0,0,0,0,0,0,0,0,0.030358766,0,0,Other metazoan
18S_531,0,0,0,0,0,0,0,0,0,0,0,0,Other metazoan
18S_553,0,0,0,0,0,0,0,0,0,0,0,0,Other metazoan
18S_11,0,0,0,0,0,0,0,0,0,17.95109873,0,0,Other metazoan
18S_36,0,0.478492943,0,0,0,0,0.04943949,0,0.038943898,0,0,0.165989496,Less sensitive
18S_56,0.016458069,0,0.047889808,0,0,0,0.164798299,0.042594218,0.062380723,0.031541575,0,0.09117035,Less sensitive
18S_82,0,0,0,0.273663658,0,0,0,0,0,0,0,0,Other metazoan
18S_104,0,0,0,0,0,0.301973725,0,0,0,0,0,0,Other metazoan
18S_159,0,0,0,0,0,0,0,0,0.085112682,0,0,0,Other metazoan
18S_171,0,0,0,0,0,0,0,0,0,0,0,0,Other metazoan
18S_182,0,0.031825085,0,0,0,0,0.02275786,0.043745413,0.017974107,0,0,0,Other metazoan
18S_185,0,0,0,0,0,0,0.02785876,0.044033212,0.014097339,0.010645281,0,0,Less sensitive
18S_197,0,0,0.033826928,0,0.018230815,0,0,0,0.019560057,0,0.014421904,0,Less sensitive
18S_213,0,0,0,0,0,0.026288663,0.068273581,0.014965536,0,0,0,0,Less sensitive
18S_220,0,0,0.104141328,0,0,0,0,0,0,0,0,0,Other metazoan
18S_237,0,0,0,0,0,0.005880359,0.069058335,0.003741384,0,0.004534101,0,0,Less sensitive
18S_255,0,0.107758621,0,0,0,0,0,0,0,0,0,0,Less sensitive
18S_260,0.00385736,0,0,0,0,0,0,0,0.028370894,0,0,0,Less sensitive
18S_291,0,0,0,0,0,0,0,0,0,0,0,0.030224953,Less sensitive
18S_298,0,0,0,0,0,0,0.054932766,0,0,0,0,0,Less sensitive
18S_310,0,0,0,0,0,0,0,0,0,0,0,0,Less sensitive
18S_326,0,0,0,0,0,0.031131312,0,0,0,0,0,0,Other metazoan
18S_341,0,0,0,0,0,0,0,0,0,0,0,0,Less sensitive
18S_343,0,0,0,0,0,0,0,0,0,0,0.034390693,0,Other metazoan
18S_355,0,0,0,0,0,0,0,0,0,0,0.032171939,0,Less sensitive
18S_359,0,0,0,0,0,0,0,0,0,0,0.011093772,0,Other metazoan
18S_366,0,0,0,0,0,0,0,0.012087548,0,0,0,0,Less sensitive
18S_370,0,0,0,0,0,0,0,0,0.012863821,0,0,0,Less sensitive
18S_376,0,0,0,0,0,0,0.027074006,0,0,0,0,0,Less sensitive
18S_396,0,0,0,0,0,0,0,0,0.011101654,0,0,0,Other metazoan
18S_400,0,0,0,0,0,0,0.014910322,0,0,0.004534101,0,0,Other metazoan
18S_401,0,0,0,0,0,0,0,0.017267926,0,0,0,0,Other metazoan
18S_408,0,0,0,0,0,0,0.023150237,0,0,0,0,0,Less sensitive
18S_414,0,0,0,0,0,0,0,0,0,0,0,0.027747498,Other metazoan
18S_421,0,0,0,0,0,0,0,0,0.009515704,0,0,0,Less sensitive
18S_426,0,0,0,0,0,0,0,0,0.00916327,0,0,0,Less sensitive
18S_427,0,0,0,0,0,0,0,0,0,0.010251012,0,0,Other metazoan
18S_428,0,0,0,0,0,0,0,0,0,0,0,0,Other metazoan
18S_436,0,0,0.018623814,0,0,0,0,0,0,0,0,0,Less sensitive
18S_437,0,0,0,0,0,0,0,0,0.00863462,0,0,0,Less sensitive
18S_440,0,0,0,0,0,0,0,0,0,0,0,0,Less sensitive
18S_445,0,0,0,0,0,0,0,0,0,0,0,0.006936874,Other metazoan
18S_460,0,0,0,0,0,0,0,0,0,0,0,0,Other metazoan
18S_471,0,0,0,0,0,0,0,0,0,0,0,0,Less sensitive
18S_472,0.009514821,0,0,0,0,0,0,0,0,0,0,0,Other metazoan
18S_475,0,0,0,0,0,0,0,0,0,0,0,0,Less sensitive
18S_488,0,0,0,0,0,0,0,0,0,0,0,0,Other metazoan
18S_490,0,0,0,0,0,0,0,0,0,0,0,0,Other metazoan
18S_495,0,0,0,0,0,0,0,0,0,0,0,0,Other metazoan
18S_502,0,0,0,0,0,0,0,0,0,0,0,0,Less sensitive
18S_519,0,0,0,0,0,0,0.009417046,0,0,0,0,0,Other metazoan
18S_521,0,0,0,0,0,0,0,0,0,0,0,0,Other metazoan
18S_523,0,0,0,0,0,0,0,0.006619372,0,0,0,0,Other metazoan
18S_528,0,0,0,0,0,0,0,0,0,0,0,0,Less sensitive
18S_534,0,0,0,0,0,0,0,0,0.003524335,0,0,0,Other metazoan
18S_535,0,0,0,0,0,0,0,0,0,0,0,0,Other metazoan
18S_555,0,0,0,0,0,0,0,0,0,0,0,0,Other metazoan
18S_558,0,0,0,0,0,0,0,0,0,0,0,0,Other metazoan
18S_562,0,0,0,0,0,0,0,0,0,0,0,0,Other metazoan
18S_563,0,0,0,0,0,0,0,0,0,0,0,0,Other metazoan
18S_565,0,0,0,0,0,0,0,0,0,0,0,0,Other metazoan
18S_569,0,0,0,0,0,0,0,0,0,0.001971348,0,0,Other metazoan
18S_574,0,0.005025013,0,0,0,0,0,0,0,0,0,0,Other metazoan
18S_576,0,0,0,0,0,0,0,0,0,0.001774214,0,0,Other metazoan
18S_581,0,0,0,0,0,0,0,0,0,0,0,0,Other metazoan
18S_583,0,0,0,0,0,0,0,0,0,0,0,0,Other metazoan
18S_584,0,0,0,0,0,0,0,0,0,0,0,0,Other metazoan
18S_585,0,0,0,0,0,0,0,0,0,0,0,0,Other metazoan
18S_586,0,0,0.002660545,0,0,0,0,0,0,0,0,0,Other metazoan
18S_590,0,0,0,0,0,0,0,0.001726793,0,0,0,0,Other metazoan
18S_591,0,0,0,0,0,0,0,0,0,0,0.002218754,0,Other metazoan
18S_596,0,0,0,0,0,0,0,0,0,0,0,0,Other metazoan
18S_597,0,0,0,0,0,0,0,0,0,0,0,0,Other metazoan
18S_598,0,0,0,0,0,0,0,0,0,0,0.00147917,0,Other metazoan
18S_600,0,0,0,0,0,0,0,0,0,0,0,0,Other metazoan
18S_602,0,0,0,0,0,0,0,0,0,0,0,0,Other metazoan
18S_605,0,0,0,0,0,0,0,0,0,0,0,0,Other metazoan
18S_606,0,0,0,0,0,0,0,0,0,0,0,0,Other metazoan
18S_54,0,0,0,0,0,0,0.96877857,0,0,0,0,0,Less sensitive
18S_152,0,0,0,0,0,0,0.198150335,0,0,0,0,0,Less sensitive
18S_249,0,0,0,0,0,0,0.078867757,0,0,0,0,0,Less sensitive
18S_448,0,0,0,0,0,0,0.017656961,0,0,0,0,0,Less sensitive
18S_468,0,0,0,0,0,0,0.014910322,0,0,0,0,0,Less sensitive
18S_469,0,0,0,0,0,0,0.014910322,0,0,0,0,0,Less sensitive
18S_470,0,0,0,0,0,0,0.014910322,0,0,0,0,0,Less sensitive
18S_494,0,0,0,0,0,0,0.012556061,0,0,0,0,0,Less sensitive
18S_522,0,0,0,0,0,0,0,0.006619372,0,0,0,0,Other metazoan
18S_4,5.093258106,6.184116491,13.29702323,26.21770159,19.91467978,20.48163599,0.463397121,0.999237333,0.104144089,3.233405682,5.110161156,2.245069864,Tolerant
18S_75,0,0,0,0.323153618,0,0,0,0,0,0,0,0,Tolerant
18S_76,0,0,0,0,0,0,0,0,0,0,0.527693753,0,Tolerant
18S_154,0,0,0,0,0.165071747,0,0,0,0,0,0,0,Tolerant
18S_176,0,0,0,0.09762403,0,0,0,0,0,0,0,0,Tolerant
18S_210,0,0,0,0,0.104081382,0,0,0,0,0,0,0,Tolerant
18S_217,0.07226121,0,0,0,0,0,0,0,0,0,0,0,Tolerant
18S_261,0,0,0,0,0,0,0,0,0,0,0.068781386,0,Tolerant
18S_265,0,0.101616938,0,0,0,0,0,0,0,0,0,0,Tolerant
18S_299,0,0,0,0,0,0.047734678,0,0,0,0,0,0,Tolerant
18S_374,0,0,0,0.015592727,0,0,0,0,0,0,0,0,Tolerant
18S_493,0,0,0,0.00723141,0,0,0,0,0,0,0,0,Tolerant
18S_529,0,0,0,0,0,0,0,0,0,0,0,0,Tolerant
18S_446,0,0,0,0,0,0,0,0,0,0,0,0,Other metazoan
18S_512,0,0,0,0,0,0,0,0,0.0010573,0,0,0,Other metazoan
18S_44,0,0,0,0,0,0,0,0,0,0,0,0,Other metazoan
18S_387,0,0,0,0,0,0,0,0,0.011630304,0,0,0,Other metazoan
